headline,date,id,doc_type,material_type,sectionname,keywords,printpage,wordcount,newsdesk
Correction Officer Is Stabbed in Head by Rikers Detainee,2022-11-01,nyt://article/df646720-840a-559b-9019-a38e073d374d,article,News,New York,"['Prison Guards and Corrections Officers', 'Assaults']",18,824,Metro
Game 3 of the World Series Is Postponed Because of Rain,2022-11-01,nyt://article/bea5feb0-69e1-53a8-a0d0-eb8028756bfd,article,News,Sports,"['Baseball', 'World Series', 'Playoff Games']",7,609,Sports
Rumor Has It …,2022-11-01,nyt://article/b54435b9-a1e6-53a5-909a-58142f8ce981,article,News,Crosswords & Games,['Crossword Puzzles'],,738,Games
Idaho Man Convicted in 1984 Murder of 12-Year-Old Colorado Girl,2022-11-01,nyt://article/e860a43e-23b4-53d5-b1b7-9c87012e6e58,article,News,U.S.,"['Murders, Attempted Murders and Homicides', 'Kidnapping and Hostages', 'Decisions and Verdicts']",,729,Express
Prosecutor Announces Charges Against Suspect in Pelosi Attack,2022-11-01,nyt://video/bb3260bb-b2a2-5e3d-96be-4a9526b1667f,multimedia,Video,U.S.,"['Murders, Attempted Murders and Homicides', 'Assaults', 'Kidnapping and Hostages', 'United States Politics and Government']",,0,
Suit by Meadows Seeking to Block Jan. 6 Panel’s Subpoenas Is Dismissed,2022-11-01,nyt://article/55dccfd3-c8bb-5cf2-8fb4-8919b319fe17,article,News,U.S.,"['Suits and Litigation (Civil)', 'United States Politics and Government', 'Subpoenas', 'Storming of the US Capitol (Jan, 2021)', 'Decisions and Verdicts']",,635,Washington
2-Minute Showers and a Flotilla of Gas Shipments: Europe Braces for Winter,2022-11-01,nyt://article/3020b888-4589-5281-ae87-d8948c281b36,article,News,Business Day,"['Heating', 'Electric Light and Power', 'Natural Gas', 'Oil (Petroleum) and Gasoline', 'Energy Efficiency', 'Nuclear Energy', 'Solar Energy', 'International Relations', 'Shutdowns (Institutional)', 'Russian Invasion of Ukraine (2022)']",,1568,Business
"Corrections: Nov. 1, 2022",2022-11-01,nyt://article/2b9aebcb-57e6-514b-8808-b286e1a04f4d,article,Correction,Corrections,[],18,388,Corrections
"In Israel’s Election, the Judiciary Is on Trial",2022-11-01,nyt://article/82547685-9bff-5b80-884c-833b2e6c37f4,article,Op-Ed,Opinion,"['Palestinians', 'Zionism', 'Elections']",,1177,OpEd
Putin Says Ukraine Doesn’t Exist. That’s Why He’s Trying to Destroy It.,2022-11-01,nyt://article/7b8bead5-761d-5dea-84c3-6bec858a1ba2,article,Op-Ed,Opinion,"['Russian Invasion of Ukraine (2022)', 'Secession and Independence Movements']",,1181,OpEd
Three more grain ships set sail from Ukraine amid questions about their safety.,2022-11-01,nyt://article/cb1a5b86-75d3-5662-8eb9-1bed11572c50,article,News,World,['Russian Invasion of Ukraine (2022)'],,687,Foreign
"Fourteen People, Including Three Children, Are Wounded in Chicago Shooting",2022-11-01,nyt://article/27c5934e-c430-5888-861d-00ac154b7865,article,News,U.S.,['Mass Shootings'],,317,Express
Your Tuesday Briefing,2022-11-01,nyt://article/0917f785-0608-55f1-b8f6-8c9e4e1e644a,article,briefing,Briefing,[],,1433,NYTNow
Word of the Day: omniscient,2022-11-01,nyt://article/a56e48e0-7816-5ee2-b5ad-b05693dadebd,article,News,The Learning Network,[],,400,Learning
"When Picasso Created an Image of Notre-Dame, All in Glass",2022-11-01,nyt://article/40ad765a-0e76-5bd6-a8ee-0c660058904e,article,briefing,New York,"['internal-storyline-no', 'Midterm Elections (2022)', 'Art', 'Auctions', 'United States Politics and Government']",,1500,Metro
Red Poster,2022-11-01,nyt://article/ba3cf974-038f-597c-bf05-fc078a5f10ed,article,News,The Learning Network,[],,94,Learning
Spelling Bee Forum,2022-11-01,nyt://article/03712169-aed8-5021-a8dc-bfcbf182773c,article,News,Crosswords & Games,[],,165,Games
"In Close, Crucial Governor’s Races, Poll Finds Sharp Split on Elections",2022-11-01,nyt://article/93bbb877-4e28-593c-944a-0fb49b68d81a,article,News,U.S.,"['Elections, Governors', 'Midterm Elections (2022)', 'Polls and Public Opinion', 'United States Politics and Government', 'Voting and Voters']",17,1550,Politics
The Fading Art of Preserving the Dead,2022-11-01,nyt://article/4330557f-6fe1-5238-ab1e-8c31d23f45f0,article,News,Science,"['internal-sub-only', 'your-feed-science', 'your-feed-health', 'Embalming', 'Death and Dying', 'Funerals and Memorials', 'Morgues and Mortuaries', 'Cremation', 'Formaldehyde']",1,2518,Science
Here’s what’s at stake as Israelis cast their ballots.,2022-11-01,nyt://article/19f90f78-fed8-56a0-986c-2ffd37ff0793,article,News,World,[],,600,Foreign
Why Does Israel Keep Having Elections?,2022-11-01,nyt://article/6acee175-99ba-507a-973e-9bd0b7919e4b,article,News,World,"['Elections', 'Politics and Government']",,262,Foreign
Trevor Noah Brings ‘The Daily Show’ to Georgia,2022-11-01,nyt://article/1be3a973-3630-525a-a465-67c8f4681a6e,article,News,Arts,"['Television', 'internal-sub-only']",,659,Culture
American Money Has Discovered Indian Cricket,2022-11-01,nyt://article/9301ed71-fc37-569d-9da6-e72b2abeecf3,article,News,Sports,"['Cricket (Game)', 'Private Equity']",8,1421,Sports
Long Line of Ladies,2022-11-01,nyt://video/c10df7fb-b8af-5460-94f5-6c8dddfdcc9e,multimedia,Video,Opinion,"['Indigenous People', 'Menstruation', 'Women and Girls']",,0,
Denmark Heads for Period of Uncertainty After Snap Election,2022-11-01,nyt://article/e39e53c7-9125-5532-aa2d-1cc1156a9d17,article,News,World,"['Elections', 'Politics and Government', 'Minks (Animals)']",10,1274,Foreign
What Are the Little Rituals That Keep You Going?,2022-11-01,nyt://article/3dfb2dd5-846a-58b5-a560-c3db67123a30,article,News,The Learning Network,[],,755,Learning
"In This Novel, You’ll Hear a Dead Person. Listen Carefully.",2022-11-01,nyt://article/52dbdf68-af29-5b7b-b341-cba48a566535,article,Review,Books,['Books and Literature'],,641,BookReview
Can’t Sleep? Try Sticking Your Head in the Freezer.,2022-11-01,nyt://article/63cbaffa-3397-5c88-9122-2aac1d112d3f,article,News,Well,"['Books and Literature', 'Sleep', 'Insomnia', 'Anxiety and Stress', 'Content Type: Service']",,1356,Well
"My Greek Father’s Simple, Comforting Bowl of Chickpeas and Spinach",2022-11-01,nyt://article/ed06cab8-9c9b-5aa2-844d-ca7e976b3aa8,article,News,Magazine,"['Greek Food (Cuisine)', 'Cooking and Cookbooks', 'Chickpeas', 'Families and Family Life']",18,941,Magazine
"In Northern Ireland During the Troubles, a Secret Romance",2022-11-01,nyt://article/48eb7485-ccb9-504e-bf7e-606872479354,article,Review,Books,"['Writing and Writers', 'Books and Literature']",,964,BookReview
The Gloriously Earthy Stink of Katherine Dunn’s Fiction,2022-11-01,nyt://article/b61010d0-0d2e-5bff-9534-73ba8faacca5,article,News,Books,['Books and Literature'],,1294,BookReview
A Worrisome Pattern Re-emerges in Seeking Response From Republicans,2022-11-01,nyt://article/13acb64c-613f-518b-b5e6-2eee9988541c,article,News,The Upshot,"['Midterm Elections (2022)', 'United States Politics and Government', 'internal-sub-only-nl', 'Polls and Public Opinion']",,635,Upshot
Did your company just add salary information to job posts?,2022-11-01,nyt://article/82b2c02e-5bb1-5145-a135-002f6bc9f6c3,article,News,U.S.,"['internal-open-access', 'Hiring and Promotion', 'Wages and Salaries', 'Law and Legislation', 'Discrimination']",,180,Business
"Asian American Students Face Bias, but It’s Not What You Might Think",2022-11-01,nyt://article/d30be3df-8aea-5365-aff4-f9b128e18ca3,article,Op-Ed,Opinion,"['Discrimination', 'Asian-Americans', 'Colleges and Universities', 'Admissions Standards', 'Race and Ethnicity', 'Suits and Litigation (Civil)']",,1173,OpEd
"When a Girl’s First Period Calls for Celebration, Not Stigma",2022-11-01,nyt://article/2fb3e012-63dd-5535-9485-0fb9e14b84d8,article,Op-Ed,Opinion,"['Documentary Films and Programs', 'Indigenous People', 'Youth', 'Menstruation']",,464,OpEd
Is It Better to Brush Your Teeth Before Breakfast or After?,2022-11-01,nyt://article/ccec0255-169f-587a-b789-789e6278ad0e,article,News,Well,"['Teeth and Dentistry', 'Content Type: Service', 'Bacteria', 'Fluorides', 'Carbohydrates']",,904,Well
"In the Political Talk Show Race, Outrage Is Winning",2022-11-01,nyt://article/307badb8-b2b7-5616-8867-c12fcd4274cd,article,Op-Ed,Opinion,"['Television', 'Comedy and Humor', 'News and News Media', 'Liberalism (US Politics)', 'Conservatism (US Politics)', 'Midterm Elections (2022)', 'United States Politics and Government']",23,1312,OpEd
Jerry Saltz Plays It Uncharacteristically Safe,2022-11-01,nyt://article/4789f516-723e-5365-9b65-e58e094113de,article,Review,Books,"['Books and Literature', 'Art', 'Content Type: Personal Profile']",,1003,BookReview
A Dystopian Fable About the Unshakable Borders of Class,2022-11-01,nyt://article/95bd45d6-9416-5d4d-97a2-015ebb5ebab0,article,Review,Books,['Books and Literature'],,737,BookReview
"If You Raised Money After a Fire, Can You Spend It on a Vacation?",2022-11-01,nyt://article/a348f833-6e8e-58ef-a944-2e92f2270613,article,News,Magazine,"['Philanthropy', 'internal-sub-only', 'Churches (Buildings)', 'Divorce, Separations and Annulments', 'Ethics (Personal)']",16,1395,Magazine
"Imprisoned on an Island, They Formed an Unlikely Arts Colony",2022-11-01,nyt://article/3c4efbac-7a6c-552c-b477-1c72bf5cdf4c,article,Review,Books,"['Books and Literature', 'World War II (1939-45)', 'Politics and Government', 'Holocaust and the Nazi Era', 'Espionage and Intelligence Services', 'Refugees and Displaced Persons']",,1243,BookReview
Tell Me Something Bad About Tulsa,2022-11-01,nyt://article/e352e6f7-3f61-519c-b322-adcf2314bae2,article,Review,Books,"['Books and Literature', 'Tulsa Race Riot (1921)', 'Black People', 'Blacks']",,1252,BookReview
"Schumer Can Take the Insults, if It Helps Keep Democrats in Power",2022-11-01,nyt://article/7aa7db49-4742-5da6-b4f7-4d8257f1b891,article,News,New York,"['Midterm Elections (2022)', 'United States Politics and Government', 'Elections, Senate', 'Debates (Political)']",18,1093,Metro
Did an Unorthodox Therapist Drive a Woman to Suicide?,2022-11-01,nyt://article/85f00779-5a9f-570b-aff3-a6d05d9e4ab3,article,Review,Books,['Books and Literature'],,1209,BookReview
I Wish the Jury Had Not Sentenced My Family’s Killer to Death,2022-11-01,nyt://article/0c3de279-3ce7-5b9b-babc-884f793b8813,article,Op-Ed,Opinion,"['Capital Punishment', 'Charleston, SC, Shooting (2015)', 'Parkland, Fla, Shooting (2018)', 'Whites', 'Right-Wing Extremism and Alt-Right', 'Black People', 'Blacks', 'Hate Crimes']",,807,OpEd
Inflammatory Radio Ads From 2 Trump-Aligned Groups Are Airing in Battleground States,2022-11-01,nyt://article/4d41addc-bb67-54b4-8d9c-69b3bbd56c5d,article,News,U.S.,"['Midterm Elections (2022)', 'Discrimination', 'United States Politics and Government', 'Political Advertising']",18,984,Politics
A Powerful Theory of Why the Far Right Is Thriving Across the Globe,2022-11-01,nyt://article/4d89f4bc-e180-59b3-a8f3-0ba8ba04b6d6,article,Op-Ed,Opinion,"['audio-neutral-informative', 'Right-Wing Extremism and Alt-Right', 'Politics and Government', 'Midterm Elections (2022)']",,445,OpEd
"Food Prices Soar, and So Do Companies’ Profits",2022-11-01,nyt://article/55cf64a0-66da-527e-bc90-9c719eb4847d,article,News,Business Day,"['Inflation (Economics)', 'Prices (Fares, Fees and Rates)', 'Food', 'Supermarkets and Grocery Stores', 'Restaurants', 'Consumer Behavior', 'Company Reports', 'United States Economy']",1,1244,Business
A Carbone on Every Continent: Major Food Group Is Going Global,2022-11-01,nyt://article/e1d2f77a-270a-5646-a4d4-f619a8b7df12,article,News,Food,"['Restaurants', 'Chefs']",1,1928,Dining
Truth Social’s Influence Grows Despite Its Business Problems,2022-11-01,nyt://article/65b5bb58-8964-5732-ae0c-36df24af6cf8,article,News,Technology,"['Social Media', 'Right-Wing Extremism and Alt-Right', 'Conspiracy Theories', 'Rumors and Misinformation', 'Midterm Elections (2022)', 'News and News Media', 'Project Democracy', 'Advertising and Marketing']",1,1475,Business
The Pandemic Generation Goes to College. It Has Not Been Easy.,2022-11-01,nyt://article/9265a7f8-34a2-5816-a22a-2a07add98b1d,article,News,U.S.,"['Colleges and Universities', 'Coronavirus (2019-nCoV)', 'Mental Health and Disorders', 'Mathematics', 'Graduation Rates', 'Historically Black Colleges and Universities', 'Community Colleges']",1,1380,National
"In a New Novel, Percival Everett Riffs Gleefully on 007",2022-11-01,nyt://article/0b4b030b-c5e9-5103-af25-843a6c892602,article,Review,Books,['Books and Literature'],,1004,BookReview
What Does the End of Yeezy Mean for the Sneakerverse?,2022-11-01,nyt://article/91d0fa83-9c40-54bf-a553-a773b8b7bfe5,article,News,Style,"['Sneakers', 'Collectors and Collections', 'Auctions', 'Anti-Semitism', 'your-feed-fashion']",1,1524,Styles
A 16th-Century French Chateau That Honors a Family’s Histories of Exile,2022-11-01,nyt://article/7fe03b17-72af-54bb-a91c-8627ae40cb48,article,News,T Magazine,"['Interior Design and Furnishings', 'World War II (1939-45)', 'Antiques', 'Design']",62,1223,TStyle
From Nashville to Tupelo on the Natchez Trace Parkway,2022-11-01,nyt://article/1db501ee-fa87-5408-b056-51813549dc7e,article,News,Travel,"['Travel and Vacations', 'National Parks, Monuments and Seashores', 'Road Trips']",,2393,Travel
Inquiry Scrutinizes Trump Allies’ False Claims About Election Worker,2022-11-01,nyt://article/ee413321-d4c4-5d27-8b1b-fd5c52a8d5f5,article,News,U.S.,"['Rumors and Misinformation', 'Voter Fraud (Election Fraud)', 'Presidential Election of 2020']",16,1522,National
"In Hunt to Solve ‘Fairy Circle’ Mystery, One Suspect Is Dismissed",2022-11-01,nyt://article/e2eae979-a102-5bf7-8bde-f458a477b1d9,article,News,Science,"['Flowers and Plants', 'Deserts', 'Water', 'Termites', 'Research', 'your-feed-science']",,988,Science
The Democrats’ Last Stand in Wisconsin,2022-11-01,nyt://article/e9864193-3311-561b-975f-3e50ee5087ba,article,News,Magazine,"['Midterm Elections (2022)', 'Presidential Election of 2020', 'United States Politics and Government', 'Campaign Finance', 'Presidential Election of 2016', 'Politics and Government', 'State Legislatures']",22,7797,Magazine
Southern California Minimalism with Old World Charm,2022-11-01,nyt://slideshow/033682c0-edb7-5dc7-ab21-d1643fbae045,multimedia,Slideshow,Real Estate,"['Real Estate and Housing (Residential)', 'Interior Design and Furnishings', 'Restoration and Renovation', 'Home Repairs and Improvements', 'Furniture', 'Lighting']",,0,Real Estate
A Minimalist House for Clutter-Free Living (Despite the Kids),2022-11-01,nyt://article/52e85c81-af14-5153-ba92-e618e3146ef3,article,News,Real Estate,"['Real Estate and Housing (Residential)', 'Interior Design and Furnishings', 'Restoration and Renovation', 'Home Repairs and Improvements', 'Furniture', 'Lighting']",,868,RealEstate
Film Club: ‘Svonni v. the Swedish Tax Agency’,2022-11-01,nyt://article/9f9dc059-9061-5d8e-b616-fe3983816b95,article,News,The Learning Network,[],,480,Learning
Twitter in the Time of Elon Musk,2022-11-01,nyt://article/b74088d5-b9ec-58bf-8f80-dfda506a0cc7,article,News,Podcasts,"['Social Media', 'High Net Worth Individuals', 'Computers and the Internet', 'audio-neutral-informative']",,324,Podcasts
Libertarian Candidate Drops Out of Arizona Senate Race and Endorses Masters,2022-11-01,nyt://article/e10f9116-5ab8-58d0-bcad-0cf95ec9bc6f,article,News,U.S.,"['Midterm Elections (2022)', 'United States Politics and Government', 'Endorsements', 'Elections, Senate', 'Third-Party Politics (US)']",,512,Politics
Many States Omit Climate Education. These Teachers Are Trying to Slip It In.,2022-11-01,nyt://article/c3ff9c4e-cab8-5ccb-9464-a9c85b8f3120,article,News,Climate,"['Teachers and School Employees', 'Global Warming', 'Education (K-12)', 'Science and Technology', 'Teenagers and Adolescence']",12,1495,Climate
Saudi Aramco Reports $42 Billion in Profit as Cash Rolls In for Oil Giants,2022-11-01,nyt://article/f3e55c22-44e9-5a6c-8cad-60d6bd7a374a,article,News,Business Day,"['Oil (Petroleum) and Gasoline', 'Company Reports']",3,500,Business
"Uber’s Revenue Is Up 72 Percent From Last Year, but It Posts a Loss",2022-11-01,nyt://article/8710164f-73af-54cd-aa47-300da13c9e75,article,News,Technology,"['Company Reports', 'Computers and the Internet', 'Car Services and Livery Cabs']",3,413,Business
Affirmative Action’s Future,2022-11-01,nyt://article/fe2f1927-2776-5d52-afb4-920eff299dee,article,briefing,Briefing,"['internal-storyline-no', 'Colleges and Universities', 'Affirmative Action']",,1529,NYTNow
New Faces Celebrate Día de Los Muertos,2022-11-01,nyt://interactive/23cae480-c390-5c16-8b9b-b10f5a83cfd2,multimedia,Interactive Feature,New York,"['Immigration and Emigration', 'Labor and Jobs']",,0,New York
Elon Musk May Yet Meet Twitter Executives in Court,2022-11-01,nyt://article/272b461f-b6ad-55be-845e-d8b882db5525,article,News,Business Day,"['Executive Compensation', 'Social Media']",,1773,Business
Quotation of the Day: The Final Journey,2022-11-01,nyt://article/e734569a-8717-5fc2-a5aa-b68e302dc453,article,News,Today’s Paper,[],3,53,Summary
"Scientists Are Gaining on R.S.V., a Persistent Threat to Children",2022-11-01,nyt://article/9bda4f45-0376-5dc3-b594-93eff3f25737,article,News,Health,"['your-feed-science', 'Vaccination and Immunization', 'Respiratory Syncytial Virus (RSV)', 'Babies and Infants', 'Children and Childhood', 'Respiratory Diseases', 'Infant Mortality']",,1104,Science
"Bursting Into Dance: Gentlemen, Assume the Superhero Stance!",2022-11-01,nyt://article/cdfc713e-3f9b-588e-997d-8c7a65dec462,article,News,Arts,"['Dancing', 'Black People', 'Blacks']",9,1563,Arts&Leisure
Inside the Harvey Weinstein Rape Trial in Los Angeles,2022-11-01,nyt://article/ba76aa46-f05a-5c6b-897b-c75a9a7ef20b,article,briefing,U.S.,[],,1382,National
Disney Tries Mixing Streaming With Shopping,2022-11-01,nyt://article/bf5d28c6-02c9-586b-95a5-467d4a822619,article,News,Business Day,"['Shopping and Retail', 'Advertising and Marketing']",6,397,Business
Second Anonymous Woman Defends Claim That Walker Pressured Her for Abortion,2022-11-01,nyt://article/017e495b-63d2-560a-b515-579858aeeb45,article,News,U.S.,"['Midterm Elections (2022)', 'Abortion', 'Elections, Senate']",,218,Politics
"A Bridge Offered Relief From Migrants’ Toil, Before Taking Their Lives",2022-11-01,nyt://article/8ff05581-88db-50d8-8879-b095fc0e8af4,article,News,World,"['Bridges and Tunnels', 'Morbi, Gujarat, India Bridge Collapse (2022)', 'Infrastructure (Public Works)', 'Deaths (Fatalities)']",4,1273,Foreign
Christina Applegate Pours One Out for ‘Dead to Me’,2022-11-01,nyt://article/62d2d02c-5a93-54ed-98f6-8f3886a2511a,article,News,Arts,['Television'],1,1227,Culture
Behind 3 Champions’ Smithsonian Portraits,2022-11-01,nyt://article/81e8bcee-a1e1-5ad2-af60-4a7c945c010d,article,News,Arts,"['Art', 'Black People', 'Blacks']",7,1113,Culture
"Takeoff, of Atlanta Rap Trio Migos, Shot Dead at 28",2022-11-01,nyt://article/99f1986f-032e-58e2-bad8-6ead27e5e89a,article,News,Arts,"['Murders, Attempted Murders and Homicides', 'Rap and Hip-Hop', 'Content Type: Personal Profile']",22,1570,Express
"Where Russian Fire Pours Down, His Men Sneak Forward",2022-11-01,nyt://article/3bba653c-8073-5e30-a008-5ddc16cf4a8d,article,News,World,"['Defense and Military Forces', 'Russian Invasion of Ukraine (2022)']",8,1303,Foreign
"Bolsonaro Agrees to Transition, Two Days After Losing Brazil Election",2022-11-01,nyt://article/e9106702-afe5-53ec-b545-f9d64f44d894,article,News,World,"['Elections', 'Politics and Government', 'Demonstrations, Protests and Riots', 'Roads and Traffic', 'Rumors and Misinformation', 'Voter Fraud (Election Fraud)', 'Voting Machines', 'Polls and Public Opinion']",1,1515,Foreign
"Lucian Freud, Stripped of Fame and Scandal",2022-11-01,nyt://article/1cb56b54-c1d1-5c73-bc1c-5d04582514fa,article,News,Arts,"['Art', '#MeToo Movement', 'Women and Girls', 'Content Type: Personal Profile']",,1199,Culture
Hurricane Martin Intensifies but Poses No Threat to Land,2022-11-01,nyt://article/7ded7c47-bc4c-5995-8603-f13f9a1c1965,article,News,U.S.,['Hurricanes and Tropical Storms'],,429,Express
How Brains Send a Signal That It’s Time to Vomit,2022-11-01,nyt://article/c82ec2e0-dc5e-507c-85b2-7f8a812507a5,article,News,Science,"['Food Contamination and Poisoning', 'Brain', 'Chemotherapy', 'Mice', 'Bacteria', 'Stomach', 'Digestive Tract', 'Research', 'your-feed-science']",,615,Science
Roberts Extends Freeze on House’s Attempt to Obtain Trump’s Tax Returns,2022-11-01,nyt://article/22bf5275-aa7a-503f-a493-1e5f0f5124cc,article,News,U.S.,"['Trump Tax Returns', 'United States Politics and Government']",14,654,Washington
Job Openings Rose in September Despite Higher Interest Rates,2022-11-01,nyt://article/64777dcb-82b9-5b3b-ba4a-91dbbec63f41,article,News,Business Day,"['Labor and Jobs', 'Inflation (Economics)', 'Shortages', 'Wages and Salaries', 'Layoffs and Job Reductions', 'Hiring and Promotion', 'United States Economy']",6,697,Business
On the Scene of a Russian Rocket Attack,2022-11-01,nyt://interactive/0fcc1db4-599f-570f-a0a1-1d7c94b50c2c,multimedia,Interactive Feature,World,"['Water', 'Defense and Military Forces', 'Russian Invasion of Ukraine (2022)']",,0,World
Alcohol Deaths Claim Lives of Working-Age Americans,2022-11-01,nyt://article/84eb5507-19df-5830-a7e8-a526ece87759,article,News,Health,"['Research', 'Alcoholic Beverages', 'Beverages']",20,796,Science
A Surge of Overseas Abortion Pills Blunted the Effects of State Abortion Bans,2022-11-01,nyt://article/ac158d74-105b-56a1-b15e-13f46f7fdb21,article,News,The Upshot,"['Abortion', 'Abortion Drugs', 'States (US)', 'Women and Girls', 'Law and Legislation', 'Drugs (Pharmaceuticals)', 'Telemedicine', 'Pregnancy and Childbirth', 'Roe v Wade (Supreme Court Decision)', 'Miscarriages']",22,1327,Upshot
What’s next for the Amazon?,2022-11-01,nyt://article/c2c53995-e0c5-569b-a478-52a2ca5e2bc8,article,News,Climate,"['Global Warming', 'Greenhouse Gas Emissions', 'internal-storyline-no', 'internal-sub-only-nl']",,1104,Climate
Barry Keoghan Doesn’t Mean to Be a Scene-Stealer,2022-11-01,nyt://article/4162b4ec-2a68-5313-b62f-a9261974ef95,article,News,Movies,"['Content Type: Personal Profile', 'Actors and Actresses', 'Movies']",4,1465,Culture
New York’s Hottest Club Is … the Bar at Moynihan Hall?,2022-11-01,nyt://article/f40c9e3b-cf98-5aad-9e69-d408c179d2d7,article,News,Food,"['Bars and Nightclubs', 'Stations and Terminals (Passenger)']",7,805,Dining
Day of the Dead in High Style,2022-11-01,nyt://article/c7e277db-716f-5554-9936-0c146423e029,article,News,Style,"['Holidays and Special Occasions', 'Fashion and Apparel', 'Magazines', 'Parties (Social)']",6,1183,Styles
A Hamptons Property Fight Over a Black Whaler’s Homestead,2022-11-01,nyt://article/b2dc4b84-8103-5d47-972b-4146bd838d2c,article,News,Style,"['Historic Buildings and Sites', 'Monuments and Memorials (Structures)', 'Black People', 'Blacks', 'Whales and Whaling']",,2220,Styles
‘This Is Our March 2020’: Children’s Hospitals Are Overwhelmed by R.S.V.,2022-11-01,nyt://article/f8cb7e63-e872-5748-b1e2-7fc3432847bb,article,News,Science,"['your-feed-science', 'your-feed-healthcare', 'Respiratory Syncytial Virus (RSV)', 'Disease Rates', 'Hospitals', 'Babies and Infants', 'Children and Childhood']",21,1504,Science
"When Everything Is Heavy, a Touch of Humor Can Help",2022-11-01,nyt://article/54d22e58-06ca-54ca-92c4-3fd418202dac,article,News,Well,"['Psychology and Psychologists', 'Comedy and Humor', 'Anxiety and Stress']",,1436,Well
"Gael Greene, Who Shook Up Restaurant Reviewing, Dies at 88",2022-11-01,nyt://article/e3a71a22-3746-5ea4-8646-6b8c5d593348,article,Obituary (Obit),Food,"['Restaurants', 'Deaths (Obituaries)', 'Writing and Writers', 'Books and Literature']",26,1244,Obits
On the scene of a Russian rocket attack.,2022-11-01,nyt://article/255600d0-0274-5dc7-8106-18f0c4c6be64,article,News,World,[],,0,Foreign
Security Training Group Asks Musk to Rid Twitter of Antisemitism,2022-11-01,nyt://article/1c9953a4-cf0f-5834-b8ae-78f185329cdd,article,News,Technology,"['Hate Speech', 'Anti-Semitism', 'Social Media']",5,429,Business
"Molyvos, Greek in Midtown West, Reopens in a New Location",2022-11-01,nyt://article/24e51b8b-36ef-5c34-ae41-8808ba7cff46,article,News,Food,['Restaurants'],7,1134,Dining
"Julie Powell, Food Writer Known for ‘Julie & Julia,’ Dies at 49",2022-11-01,nyt://article/eb2365b6-50db-5799-b0c6-d4fc2583f72e,article,Obituary (Obit),Food,"['Deaths (Obituaries)', 'Cooking and Cookbooks', 'Writing and Writers', 'Books and Literature', 'Movies', 'Blogs and Blogging (Internet)']",26,1245,Obits
Transcript: Ezra Klein Interviews Pippa Norris,2022-11-01,nyt://article/324687b2-1974-5d08-a8ad-431cc0b3544d,article,Op-Ed,Podcasts,[],,15399,OpEd
Taylor Swift to Bring Eras Tour to Stadiums Next Year,2022-11-01,nyt://article/2c7bf0dc-1688-51b2-8a15-af4131843ea7,article,News,Arts,['Pop and Rock Music'],5,297,Culture
Corporate America Has a Message for the Fed About Inflation,2022-11-01,nyt://article/f3a1cf1e-fda2-5b0e-af7e-c1af2a4e21a8,article,News,Business Day,"['Corporations', 'Company Reports', 'Inflation (Economics)', 'Prices (Fares, Fees and Rates)', 'Consumer Behavior', 'Interest Rates', 'United States Economy']",1,1141,Business
‘William Still’ Isn’t a Household Name. It Should Be.,2022-11-01,nyt://article/f04597f5-e5d8-5bae-b3d4-1d09fccbc6d9,article,Review,Books,"['Books and Literature', 'Underground Railroad (19th Century)', 'Slavery (Historical)', 'Content Type: Personal Profile']",,671,BookReview
Nets Fire Coach Steve Nash,2022-11-01,nyt://article/0162c0ff-6948-5d71-9cf3-4a4dd8caad4a,article,News,Sports,"['Basketball', 'Coaches and Managers', 'Anti-Semitism']",8,891,Sports
"Once a G.O.P. Stalwart, Liz Cheney Hits the Trail for Democrats",2022-11-01,nyt://article/fb817c34-4c78-568b-b687-3b278829ef57,article,News,U.S.,"['Endorsements', 'Midterm Elections (2022)', 'United States Politics and Government', 'Elections, House of Representatives', 'Elections, Senate']",1,1500,Politics
"Former U.K. Health Secretary Gets a TV Gig, Then a Suspension",2022-11-01,nyt://article/34b33204-d219-58f6-b1c7-e85047ae4f8f,article,News,World,"['Reality Television', 'Politics and Government', 'Legislatures and Parliaments', 'Coronavirus (2019-nCoV)']",,858,Foreign
Prosecutors Look at Florida Election Protest as a Model for Jan. 6,2022-11-01,nyt://article/bdeded48-1e69-52c7-a044-1eb00c7bc87f,article,News,U.S.,"['Right-Wing Extremism and Alt-Right', 'Storming of the US Capitol (Jan, 2021)', 'United States Politics and Government', 'Elections, Senate', 'Elections, Governors', 'Voter Fraud (Election Fraud)']",14,1527,Washington
‘God Forbid’ Review: An Affair With Political Implications,2022-11-01,nyt://article/2770266d-afb8-5f93-87fc-6061217d8bd3,article,Review,Movies,"['Documentary Films and Programs', 'Evangelical Movement']",,343,Weekend
Opinion Round Table: Is Diversity in the Modern Era on Trial?,2022-11-01,nyt://interactive/eae59d3c-9c93-52ce-a932-d240b7f974a7,multimedia,Interactive Feature,Opinion,"['Colleges and Universities', 'Affirmative Action', 'Race and Ethnicity', 'Law and Legislation', 'Admissions Standards']",,0,Opinion
N.Y.C. Buildings Commissioner’s Phone Seized in Criminal Gambling Probe,2022-11-01,nyt://article/15df7d84-44f7-54f2-8a99-e1acf76b8acd,article,News,New York,"['Gambling', 'District Attorneys']",17,765,Metro
The 2022 Holiday Gift Guide,2022-11-01,nyt://interactive/c9d29622-60c7-5253-b5d1-0470734c80ec,multimedia,Interactive Feature,Guide,"['Gifts', 'Holidays and Special Occasions']",,0,Guide
"For Netanyahu’s corruption trial, a Jerusalem court is still surveying over 300 witnesses.",2022-11-01,nyt://article/9b7715f4-c869-5038-834f-4a5c37a5c508,article,News,World,"['Politics and Government', 'Bribery and Kickbacks', 'Gifts to Public Officials']",,510,Foreign
Elon Musk’s Twitter Faces Exodus of Advertisers and Executives,2022-11-01,nyt://article/5c927f2a-b44d-5995-b558-ed9a5c6b9bf6,article,News,Technology,"['Social Media', 'Online Advertising', 'Layoffs and Job Reductions', 'Appointments and Executive Changes', 'Mergers, Acquisitions and Divestitures', 'Corporate Social Responsibility']",1,1036,Business
Do You Have to Sign and Date Mail-In Ballots in Pennsylvania?,2022-11-01,nyt://article/07c3719b-4066-52c0-b4c0-34bcaa0b83f2,article,News,U.S.,"['Midterm Elections (2022)', 'Absentee Voting', 'Elections, Senate', 'Voting Rights, Registration and Requirements']",,515,Politics
A Clash Over Race and College Admissions,2022-11-01,nyt://article/6e1435e4-ad14-5efa-86cc-4a4cf64033fc,article,Letter,Opinion,"['Affirmative Action', 'Admissions Standards', 'Discrimination', 'United States Politics and Government', 'Minorities', 'United States International Relations', 'Human Rights and Human Rights Violations', 'Art', 'Global Warming', 'Demonstrations, Protests and Riots']",25,1074,Letters
Pleas for Help Went Unheeded for Hours in Deadly South Korea Crush,2022-11-01,nyt://article/006d3309-0787-5b67-b80f-f3707f4df0a9,article,News,World,"['Stampedes', 'Deaths (Fatalities)', 'Seoul Halloween Stampede (2022)']",4,765,Foreign
Supreme Court Rules That Lindsey Graham Must Testify in Georgia Inquiry,2022-11-01,nyt://article/a0182fad-a791-57df-82ed-2e5df5f5efe3,article,News,U.S.,"['Presidential Election of 2020', 'Decisions and Verdicts', 'United States Politics and Government', 'Voter Fraud (Election Fraud)']",16,1000,Washington
Why Do People Who Don’t Like Politics Hold the Fate of the Country in Their Hands?,2022-11-01,nyt://article/f19e7c86-c8da-59a5-a61f-11792a276f43,article,Op-Ed,Opinion,"['Midterm Elections (2022)', 'United States Politics and Government', 'Politics and Government']",,1210,OpEd
Elon Musk’s Biggest Problem on Twitter May Be Its Advertisers,2022-11-01,nyt://article/14280c07-c5ac-58e8-8167-2f62efd93483,article,Op-Ed,Opinion,"['Online Advertising', 'Social Media', 'Rumors and Misinformation']",,1022,OpEd
Tiny Love Stories: ‘I Love Drama’,2022-11-01,nyt://article/8d44c9d4-6673-5a9c-8300-3a155d45db2b,article,News,Style,"['internal-sub-only', 'Love (Emotion)', 'Modern Love (Times Column)', 'Dating and Relationships']",,483,Styles
"Key Witness Has Covid, Disrupting Trump Organization Trial After One Day",2022-11-01,nyt://article/99dd89f9-3120-57d7-9ff4-2f674152a413,article,News,New York,"['Coronavirus (2019-nCoV)', 'Criminal Justice']",,694,Metro
Top Democrats Question Their Party’s Strategy as Midterm Worries Grow,2022-11-01,nyt://article/ea24452b-da64-5253-8d7a-96e69e2eff41,article,News,U.S.,"['Midterm Elections (2022)', 'United States Politics and Government', 'United States Economy', 'Abortion', 'Crime and Criminals', 'Elections, Senate', 'Elections, Governors', 'Elections, House of Representatives', 'Polls and Public Opinion']",1,1442,Politics
A Nation of Quitters,2022-11-01,nyt://article/2460c9cd-48c0-5db7-8581-468bdd735a42,article,Op-Ed,Opinion,"['International Trade and World Market', 'Economics (Theory and Philosophy)', 'internal-sub-only-nl', 'Labor and Jobs']",,878,OpEd
"Suspect in Pelosi Attack Had Other Targets, Authorities Say",2022-11-01,nyt://article/29cffae8-9f45-56fa-b062-9b81b20328e5,article,News,U.S.,"['Conspiracy Theories', 'Murders, Attempted Murders and Homicides', 'Assaults', 'Kidnapping and Hostages', 'United States Politics and Government']",15,1486,National
"Restaurant Review: Claud, a Basement Dining Room With Much Higher Aims",2022-11-01,nyt://article/0cffe9f6-91a9-5f70-a03c-1ae634dadda8,article,Review,Food,['Restaurants'],6,1046,Dining
"2 Newark Police Officers Shot While Responding to 911 Call, Officials Say",2022-11-01,nyt://article/e99f5070-2e1b-55b3-81ea-2b99139d2a5d,article,News,New York,['Attacks on Police'],,1040,Metro
‘The Unbelieving’ Review: Life After Faith,2022-11-01,nyt://article/1d01f3db-af72-5f22-9675-4c81caa88974,article,Review,Theater,['Theater'],7,634,Culture
A Diverse Supreme Court Questions the Value of Diversity,2022-11-01,nyt://article/68dfdc2c-8317-5f58-97ce-fac45ea00076,article,News,U.S.,"['Colleges and Universities', 'Discrimination', 'Admissions Standards', 'Affirmative Action', 'Black People', 'Blacks']",21,1043,Washington
A Short Guide to Restaurant Thanksgiving,2022-11-01,nyt://article/f7c48a8d-25a8-52b5-8a38-ccaf3d748383,article,News,Food,"['Restaurants', 'internal-sub-only-nl', 'Thanksgiving Day']",6,800,Dining
Alien Superstar,2022-11-01,nyt://article/6b2531f0-4bf2-5fcf-a5c4-8c51e78ec814,article,News,Podcasts,"['Movies', 'Race and Ethnicity']",,264,Podcasts
‘Rip It Up!’ A Simple Exercise to Connect Classroom Learning to the Outside World,2022-11-01,nyt://article/468d873c-ab4f-5546-8fad-3e6077e86e1f,article,News,The Learning Network,[],,1527,Learning
Canada Aims to Add 1.45 Million Immigrants by 2025,2022-11-01,nyt://article/087c6ef6-d17a-5fa6-90cc-c149c6e33825,article,News,World,"['Labor and Jobs', 'Foreign Workers', 'Immigration and Emigration']",9,743,Foreign
Trump and DeSantis Plan Dueling Florida Rallies as Rivalry Builds,2022-11-01,nyt://article/ad85ea00-6f9b-55d5-a10c-0fccc0eba86d,article,News,U.S.,"['Presidential Election of 2024', 'Midterm Elections (2022)']",,704,Politics
Engaging or Enabling an Autocrat? Colombian Leader Visits Venezuela.,2022-11-01,nyt://article/4266c450-23a1-53a9-b72a-7f1b8ba62321,article,News,World,[],5,1425,Foreign
"The Facts About the Attack on Paul Pelosi, According to Prosecutors",2022-11-01,nyt://article/bbd5e188-d19e-50d2-8b0f-5c7ed221dd2a,article,News,U.S.,"['Conspiracy Theories', 'Murders, Attempted Murders and Homicides', 'Rumors and Misinformation']",,1227,National
The Visual Artist Who Thinks of Herself as a Dancer or an Aviator,2022-11-01,nyt://article/a4104128-17ba-58c9-a916-1f6070b53342,article,News,T Magazine,"['Art', 'Content Type: Personal Profile']",,1549,TStyle
"Bernard Rosen, Budget Brain for Four New York City Mayors, Dies at 91",2022-11-01,nyt://article/9aae497b-dd8b-5de6-874d-a9304b31dcc7,article,Obituary (Obit),New York,"['Deaths (Obituaries)', 'Politics and Government', 'Budgets and Budgeting', 'Mayors']",24,965,Obits
U. of Florida Trustees Approve Ben Sasse as School’s Next President,2022-11-01,nyt://article/ef9248bd-4599-5bf1-9e52-95c0cf77facf,article,News,U.S.,"['Colleges and Universities', 'Appointments and Executive Changes', 'United States Politics and Government']",,590,Express
How Takeoff and the Migos Flow Changed Atlanta Rap,2022-11-01,nyt://article/ba95e6a4-34c0-5cf4-a0d3-8525711fca73,article,News,Arts,['Rap and Hip-Hop'],1,721,Culture
"Your Wednesday Briefing: Israel Votes, Again",2022-11-01,nyt://article/65965017-d1d3-549f-82bc-45a7f3a7acb0,article,briefing,Briefing,"['Elections', 'Politics and Government', 'International Relations', 'Morbi, Gujarat, India Bridge Collapse (2022)', 'Russian Invasion of Ukraine (2022)']",,1095,NYTNow
"The Heir: In Nevada, a G.O.P. Candidate Sheds His Political Inheritance",2022-11-01,nyt://article/18c3a258-6d10-5b53-aa1f-173a9b54656e,article,News,U.S.,"['Elections, Senate', 'Midterm Elections (2022)', 'United States Politics and Government', 'Content Type: Personal Profile']",19,1764,Politics
"Racism and Theater, Then and Now",2022-11-01,nyt://article/885d3fdb-d5da-53b3-8c2a-cc54cf7e2597,article,Op-Ed,Opinion,"['internal-sub-only-nl', 'Theater', 'Black People', 'Blacks', 'Discrimination', 'Actors and Actresses']",,1563,OpEd
Parkland Gunman Gets 34 Life Sentences,2022-11-01,nyt://article/9b0b3f9b-9adb-595b-8da5-f5aeae4214d1,article,News,U.S.,"['Murders, Attempted Murders and Homicides', 'Capital Punishment', 'Mass Shootings', 'Parkland, Fla, Shooting (2018)']",13,1018,National
Here’s What Diversity Means for One Group of Harvard Students,2022-11-01,nyt://article/f7208fb6-0206-5d31-b478-369d1593c44d,article,News,U.S.,"['Affirmative Action', 'Admissions Standards', 'Colleges and Universities', 'Race and Ethnicity', 'Discrimination', 'Minorities', 'Black People', 'Blacks', 'Hispanic-Americans', 'Asian-Americans', 'Content Type: Personal Profile', 'Suits and Litigation (Civil)']",19,1581,Washington
What Any Parent Would Do,2022-11-01,nyt://article/9b2b7fd4-a3fd-50e7-bc43-d1978602c05d,article,News,Sports,"['Drunken and Reckless Driving', 'Football', 'Coaches and Managers', 'Content Type: Personal Profile']",7,2431,Sports
"From Yale to Newsmax, Usha Vance Has Helped J.D. Vance Chart His Path",2022-11-01,nyt://article/17b0b7a4-9983-563e-9b5f-993509103147,article,News,Style,"['Elections, Senate', 'Midterm Elections (2022)']",,2655,Styles
"Daniel Smith, 90, Dies; Thought to Be the Last Child of an Enslaved Person",2022-11-01,nyt://article/52154e40-5cf1-5aec-b0cd-d633a1ce7b5f,article,Obituary (Obit),U.S.,"['Deaths (Obituaries)', 'Black People', 'Blacks', 'Slavery (Historical)', 'Civil Rights Movement (1954-68)', 'American Descendants of Slavery']",,1482,Obits
Your Tuesday Evening Briefing,2022-11-01,nyt://article/3601def6-b38e-5d29-8637-e0dabd8ebbfb,article,briefing,Briefing,[],,1312,NYTNow
"A Big Publishing Merger Was Blocked, but Brought the Industry Little Clarity",2022-11-01,nyt://article/45d9561e-5c2b-5b4c-8b82-aae91f74f3ab,article,News,Books,"['Book Trade and Publishing', 'Mergers, Acquisitions and Divestitures', 'Antitrust Laws and Competition Issues', 'Decisions and Verdicts']",17,943,Books
"Christine Farnon, ‘Guiding Light’ of the Grammys, Dies at 97",2022-11-01,nyt://article/e5732537-fd58-515b-a05f-c9717405ce47,article,Obituary (Obit),Arts,"['Deaths (Obituaries)', 'Grammy Awards', 'Music']",21,724,Obits
"With Falsehoods and Ridicule About Pelosi Attack, Republicans Mimic Trump",2022-11-01,nyt://article/fd55cf3c-3d03-5bbc-b3ad-dc6e96b2da96,article,News,U.S.,"['United States Politics and Government', 'Rumors and Misinformation', 'Conspiracy Theories', 'Right-Wing Extremism and Alt-Right', 'Midterm Elections (2022)', 'Assaults', 'Homosexuality and Bisexuality']",14,975,Washington
"Even After Jan. 6 Riot Was Quelled, Oath Keepers Were Urged to Fight On",2022-11-01,nyt://article/0ce71a93-c649-5afe-800c-5d183929a452,article,News,U.S.,"['Storming of the US Capitol (Jan, 2021)', 'Right-Wing Extremism and Alt-Right', 'Treason and Sedition']",,879,Washington
Why Election Experts Are So Confused About the 2022 Turnout Mystery,2022-11-01,nyt://article/4fd606b7-6da6-55ca-b56f-6cdc9f3be915,article,News,U.S.,"['United States Politics and Government', 'internal-sub-only-nl', 'Voting and Voters', 'Absentee Voting', 'Midterm Elections (2022)', 'Elections, Senate', 'Elections, House of Representatives']",,1628,Politics
Putin Is Starting to Do What Won Him a War 7 Years Ago,2022-11-01,nyt://article/0676b9a0-2128-56db-835a-77c59516f904,article,Op-Ed,Opinion,"['Russian Invasion of Ukraine (2022)', 'War Crimes, Genocide and Crimes Against Humanity', 'Defense and Military Forces', 'Drones (Pilotless Planes)', 'Arms Trade', 'Foreign Aid', 'Infrastructure (Public Works)', 'United States International Relations']",25,896,OpEd
Russia Pushes Ukrainians to Relocate as Possible Battle for Kherson Looms,2022-11-01,nyt://article/bc343b8c-b24d-505c-b8e1-bfa3971cd838,article,News,World,"['Russian Invasion of Ukraine (2022)', 'Defense and Military Forces', 'Infrastructure (Public Works)', 'Evacuations and Evacuees']",6,1170,Foreign
"Shattered by Nazi Bombs, a Fossil’s Lost Copies Are Just Being Found",2022-11-01,nyt://article/2c07df61-e592-5526-b888-fe4fdb4795ad,article,News,Science,"['Paleontology', 'Fossils', 'Museums', 'Fish and Other Marine Life', 'Reptiles', 'Endangered and Extinct Species', 'World War II (1939-45)', 'Research', 'your-feed-science']",,890,Science
A Coach Who Has ‘Seen It All’ Keeps Making the World Series,2022-11-01,nyt://article/236e6db0-dcf2-5bf3-9c52-09acc83fa8a4,article,News,Sports,"['Baseball', 'World Series', 'Playoff Games']",9,1064,Sports
Mike Pence Visits Georgia as Gov. Brian Kemp Plays Up Early Turnout,2022-11-01,nyt://article/4fd51683-bb1c-5e57-81ea-0f6c5a6b8ef6,article,News,U.S.,"['Midterm Elections (2022)', 'Elections, Governors', 'Governors (US)']",,371,Politics
How China Lost America,2022-11-01,nyt://article/4c9634b9-aa9e-5196-9daa-59ca5130fcb2,article,Op-Ed,Opinion,"['International Relations', 'United States International Relations', 'United States Economy', 'International Trade and World Market', 'Supply Chain', 'Economic Conditions and Trends', 'Politics and Government']",25,1630,OpEd
"Biden Verbally Fumbles, Twice, During Campaign Trip in Florida",2022-11-01,nyt://article/b7d92290-6269-5d06-9ffd-0d204c421c20,article,News,U.S.,"['Midterm Elections (2022)', 'United States Politics and Government', 'Speeches and Statements']",,368,Washington
"Biden, in Midterm Campaign Pitch, Focuses on Social Security and Medicare",2022-11-02,nyt://article/a082dd06-95f9-53d5-b1f7-b284680c3db3,article,News,U.S.,"['Midterm Elections (2022)', 'United States Politics and Government', 'Medicare', 'Social Security (US)', 'Inflation Reduction Act of 2022', 'Speeches and Statements']",17,1217,Washington
Police Cameras at Pelosi’s House Were Unmonitored as They Caught Break-In,2022-11-02,nyt://article/74d7b8ed-c21c-5418-98ab-8287ac43a864,article,News,U.S.,"['United States Politics and Government', 'Storming of the US Capitol (Jan, 2021)', 'Assaults', 'Threats and Threatening Messages', 'Law and Legislation']",15,1416,Washington
"John McVay, Key Figure in the Making of a 49ers Dynasty, Dies at 91",2022-11-02,nyt://article/b3461325-5727-5246-8ccd-e0bedd9ddc65,article,Obituary (Obit),Sports,"['Deaths (Obituaries)', 'Coaches and Managers', 'Football', 'Super Bowl']",21,969,Obits
Pennsylvania Supreme Court Says Mail-In Ballots Without Dates Should Not Be Counted,2022-11-02,nyt://article/ce6a9bf6-ed17-5b91-a607-616271112b69,article,News,U.S.,"['Midterm Elections (2022)', 'Decisions and Verdicts', 'Absentee Voting', 'Elections, Senate']",,710,Politics
Louisiana Governor Calls for Inquiry Into Abuses at Juvenile Detention Center,2022-11-02,nyt://article/d2776d37-a20e-513a-8ee4-f11b75362fa4,article,News,U.S.,"['Child Abuse and Neglect', 'Sex Crimes', 'Prisons and Prisoners', 'Ethics and Official Misconduct', 'Juvenile Delinquency', 'Sexual Harassment']",13,812,Investigative
"Netanyahu Holds Slight Lead in Israeli Election, Exit Polls Show",2022-11-02,nyt://article/3fded152-90ce-5400-80d0-f5365d1b90ce,article,News,World,"['Elections', 'Legislatures and Parliaments', 'Politics and Government', 'Palestinians']",10,1587,Foreign
Read the document that reveals new details about the Pelosi attack,2022-11-02,nyt://interactive/127a2d9b-b9f2-549b-a41b-84405d11fbfa,multimedia,Interactive Feature,U.S.,[],,0,U.S.
"Vance Says He Will Accept Election Results, While Still Questioning 2020’s",2022-11-02,nyt://article/e3a05a1f-e4ca-58fa-b4cf-e23eec50ba4b,article,News,U.S.,"['Midterm Elections (2022)', 'Abortion', 'Inflation Reduction Act of 2022']",,453,Politics
Many Lawyer Puns,2022-11-02,nyt://article/59dac27a-2978-5c35-a56e-a8926edeacb4,article,News,Crosswords & Games,['Crossword Puzzles'],,972,Games
"North Korea Launches 23 Missiles, Triggering Air-Raid Alarm in South",2022-11-02,nyt://article/bc485d4d-f9fa-5cf8-ba13-bedbfa6571a7,article,News,World,"['International Relations', 'Nuclear Tests', 'Nuclear Weapons']",,1001,Foreign
Barrage of Homers Puts Phillies in Control of World Series,2022-11-02,nyt://article/5366ccb2-11f3-5e21-9534-25917434d0a4,article,News,Sports,"['Baseball', 'World Series', 'Playoff Games']",9,1196,Sports
Judge Curbs Actions of Election-Monitoring Group in Arizona,2022-11-02,nyt://article/e09bbe45-47e4-553e-974a-dc4863be0931,article,News,U.S.,"['Midterm Elections (2022)', 'Decisions and Verdicts', 'Suits and Litigation (Civil)', 'Freedom of Speech and Expression', 'United States Politics and Government', 'Voter Fraud (Election Fraud)']",,1105,Politics
"Corrections: Nov. 2, 2022",2022-11-02,nyt://article/1769aaf0-94a9-51da-bcd9-18f83c3357c8,article,Correction,Corrections,[],16,214,Corrections
Quotation of the Day: Musk Is Asked to Remove Antisemitic Posts on Website,2022-11-02,nyt://article/5d703233-0074-5f5b-a4ec-52f0082c90b3,article,Quote,Today’s Paper,[],3,50,Summary
Geno Smith Isn’t the Only Reason the Seahawks Are Riding a Mile High,2022-11-02,nyt://article/f0f888aa-2ecb-557e-8a24-0870495f8213,article,News,Sports,"['Football', 'Trades (Sports)']",10,962,Sports
A Capital Draped in Darkness,2022-11-02,nyt://article/6d062491-560b-51e4-bee5-6d100df9d8cb,article,News,World,"['Russian Invasion of Ukraine (2022)', 'Power Failures and Blackouts', 'Rationing and Allocation of Resources', 'Electric Light and Power', 'Street Performers', 'Music']",8,1095,Foreign
"Phillies Hit 1,950 Feet of Homers in Game 3",2022-11-02,nyt://interactive/d904aece-fe12-5389-bc2a-22e70ce499d6,multimedia,Interactive Feature,Sports,"['Baseball', 'World Series', 'Playoff Games']",,0,Sports
Your Wednesday Briefing,2022-11-02,nyt://article/cc2068bd-b0ee-5c7a-851c-431500b5d80a,article,briefing,Briefing,[],,1416,NYTNow
Russia rejoins the grain deal after saying it received safety assurances.,2022-11-02,nyt://article/020d597c-be69-50d1-8450-7d08c6257654,article,News,World,[],,501,Foreign
Stephen Colbert Isn’t Amused by Elon Musk’s Plan to Monetize Twitter,2022-11-02,nyt://article/563830ac-1a6a-5484-aceb-1fe72ae07dce,article,News,Arts,"['Television', 'internal-sub-only']",,487,Culture
Word of the Day: impugn,2022-11-02,nyt://article/f8c20c55-04c5-58f6-9c3d-437649fc68c1,article,News,The Learning Network,[],,391,Learning
Astros Starter Insists Awful Game Had ‘Nothing to Do With Tipping’,2022-11-02,nyt://article/ddfc4f6b-17b0-5488-94a1-141290da0a0b,article,News,Sports,"['Baseball', 'World Series']",,964,Sports
‘Goodnight Moon’,2022-11-02,nyt://article/b91ebff3-a502-5548-86fc-d52c4d45406d,article,News,The Learning Network,[],,134,Learning
Spelling Bee Forum,2022-11-02,nyt://article/cc814db7-f6e7-5ac9-b950-a8a1d6304d9a,article,News,Crosswords & Games,[],,165,Games
Widespread Racial Bias Found in Home Appraisals,2022-11-02,nyt://article/b82ef686-fba4-580b-ae7c-969dd39924fc,article,News,Real Estate,"['Discrimination', 'Real Estate and Housing (Residential)', 'Minorities', 'Race and Ethnicity', 'Black People', 'Blacks', 'Whites', 'Appraisals and Valuation (Property)']",,948,RealEstate
"As Housing Costs Soar, Co-Living Makes a Comeback",2022-11-02,nyt://article/23016747-a309-5100-907b-18408b59528d,article,News,Business Day,"['Cohousing Communities', 'Roommates', 'Landlords', 'Single-Room Occupancy', 'Real Estate and Housing (Residential)', 'Renting and Leasing (Real Estate)', 'Real Estate (Commercial)']",4,1360,Business
"For Daughter of American Militant, Scars of ISIS’ Reign Run Deep",2022-11-02,nyt://article/f431fe9a-602d-58be-b109-4bbd162b8efe,article,News,U.S.,"['Terrorism', 'Child Abuse and Neglect', 'Muslim Americans']",20,1656,Washington
"As Netanyahu Nears Victory, Israel’s Extremist Parties Celebrate",2022-11-02,nyt://article/976fc9f8-6426-570f-913c-3c6049c20f50,article,News,World,"['Elections', 'Politics and Government', 'Jews and Judaism', 'Zionism', 'Right-Wing Extremism and Alt-Right', 'Palestinians']",9,1116,Foreign
"After Covid Lockdown, Fear and Unrest Sweep iPhone Factory in China",2022-11-02,nyt://article/da60e96d-e93d-544f-b870-f40b49f8102b,article,News,World,"['Coronavirus (2019-nCoV)', 'Factories and Manufacturing', 'iPhone', 'Computers and the Internet', 'Workplace Hazards and Violations', 'Shutdowns (Institutional)']",5,863,Business
What Issues Are Most Important for You Leading Up to the Midterm Elections?,2022-11-02,nyt://article/f7d60334-a9aa-523c-a3ae-de8e166687b0,article,News,The Learning Network,[],,627,Learning
"Newly Published, From Egotistical Artists to Corporate Control",2022-11-02,nyt://article/bdc18de5-1ecf-5ed9-988a-ca80e3de5b21,article,News,Books,['Books and Literature'],4,385,BookReview
The Man Beat Cancer Years Ago. Why Was There a Mass in His Lung?,2022-11-02,nyt://article/dc33a43f-48b6-55c2-b0ec-109e78e74c53,article,News,Magazine,"['Coccidioidomycosis (Valley Fever)', 'Lungs', 'Pneumonia', 'Infections', 'Coughs']",14,1447,Magazine
The $24 Trillion Market That Predicts and Influences Interest Rates,2022-11-02,nyt://article/97f352ce-52a2-5670-bf92-54b9a32cd05e,article,News,Business Day,"['Government Bonds', 'Interest Rates', 'Stocks and Bonds', 'United States Economy', 'Mortgages', 'Personal Finances']",,1349,Business
Pecan Tarts: A Love Story,2022-11-02,nyt://article/910a8c9b-a5f2-56af-a301-ba5a447e46a9,article,News,Magazine,"['Recipes', 'Homosexuality and Bisexuality', 'Cooking and Cookbooks', 'Dating and Relationships', 'Pecans']",20,748,Magazine
The Meaning of Stanford’s Apology to Jews,2022-11-02,nyt://article/c5c3a809-9bdb-561f-a485-92a758e3d73e,article,Op-Ed,Opinion,"['Jews and Judaism', 'Anti-Semitism', 'Affirmative Action']",,1279,OpEd
"In ‘Cheap Land Colorado,’ Surrounded by Beauty but Barely Getting By",2022-11-02,nyt://article/363953d7-0a0f-577a-a688-1f583be4a907,article,Review,Books,"['Books and Literature', 'Mobile Homes and Trailers', 'Real Estate and Housing (Residential)', 'Rural Areas']",,1162,BookReview
Will One Small Shift Fix the Polls in 2022? (Wonkiness: 8/10),2022-11-02,nyt://article/4e7dae32-e573-5ac4-b538-9471c014aa20,article,News,The Upshot,"['Midterm Elections (2022)', 'Polls and Public Opinion', 'United States Politics and Government', 'Presidential Election of 2020']",,1610,Upshot
People Love to Hate-Watch Tech Villains. That Won’t Hurt Spotify.,2022-11-02,nyt://article/8144a797-d2fd-5fe5-a4a5-129d577835a5,article,News,Magazine,"['Television', 'Audio Recordings, Downloads and Streaming']",9,1219,Magazine
The Price of $5 Donations: Is Small-Dollar Fund-Raising Doing More Harm Than Good?,2022-11-02,nyt://article/acd125a1-d984-5b70-92ee-9a463f848889,article,Op-Ed,Opinion,"['audio-neutral-informative', 'United States Politics and Government', 'Campaign Finance', 'Midterm Elections (2022)']",,460,OpEd
How to Salvage a Workout After a Bad Night of Sleep,2022-11-02,nyt://article/82c95a0e-12b1-596f-b732-8763a395d392,article,News,Well,"['Exercise', 'Sleep', 'Research', 'Biorhythms', 'Athletics and Sports']",,757,Well
"Hayao Miyazaki’s ‘Shuna’s Journey,’ Finally Translated Into English",2022-11-02,nyt://article/dcc372bb-b055-519a-b98b-644479c68847,article,Review,Books,"['Books and Literature', 'genre-books-childrens', 'Animated Films']",22,895,BookReview
"Pack Your Bags, We’re Moving to ‘Roku City’",2022-11-02,nyt://article/33ba74d9-8617-5a77-ad2a-c6f458c20b47,article,News,Style,"['Television', 'Movies', 'Social Media', 'Art', 'Animated Films']",,1058,Styles
Big “Pippin”: The Harmony and Dissonance of an American Classic,2022-11-02,nyt://article/aa9b28cd-a40b-5e7e-92fd-4eef47672339,article,Review,Books,"['Books and Literature', 'Theater', 'Theater (Broadway)']",,705,BookReview
"Bruno Walter, a Conductor Who Found Truth Through Beauty",2022-11-02,nyt://article/6580eeb0-4069-59b3-8cf4-81ff8b320001,article,News,Arts,['Classical Music'],7,1681,Arts&Leisure
The Untold Story of ‘Russiagate’ and the Road to War in Ukraine,2022-11-02,nyt://article/e2832a9e-abd8-5898-a91d-24430521ab29,article,News,Magazine,"['Russian Interference in 2016 US Elections and Ties to Trump Associates', 'Russian Invasion of Ukraine (2022)', 'Presidential Election of 2016', 'United States International Relations']",30,9956,Magazine
Prisoners Like Me Are Being Held Hostage to Price Hikes,2022-11-02,nyt://article/4a97de9e-a8ae-557f-a2ff-0e103d50b813,article,Op-Ed,Opinion,"['Prisons and Prisoners', 'Prices (Fares, Fees and Rates)', 'Price Gouging', 'Government Contracts and Procurement', 'Inflation (Economics)']",,1581,OpEd
Fed Faces Tough Decisions as Inflation Lingers and Economic Risks Loom,2022-11-02,nyt://article/cb3f8abb-68c1-5526-b06f-d075606cead8,article,News,Business Day,"['Banking and Financial Institutions', 'Interest Rates', 'United States Economy', 'Inflation (Economics)']",,1185,Business
Planning to Fly? You’ll Need This ID,2022-11-02,nyt://article/a9d83e7f-63ea-5ba0-940c-42f6c6961b1c,article,News,Travel,"['Identification Devices', 'Drivers Licenses', 'Travel and Vacations', 'AIRLINES AND AIRPLANES', 'Privacy', 'Law and Legislation', 'United States Politics and Government', 'Content Type: Service']",,1321,Travel
"Security Cameras Make Us Feel Safe, but Are They Worth the Invasion?",2022-11-02,nyt://article/4fb647be-ac69-56b5-8cd4-13c4b15c3266,article,News,Technology,"['Surveillance of Citizens by Government', 'Crime and Criminals', 'Privacy']",1,1330,Business
Did the Nets Get Rid of the Wrong Person?,2022-11-02,nyt://article/6274a6dd-7ead-5368-869c-fbeeeb04b834,article,News,Sports,"['Basketball', 'Coaches and Managers', 'Anti-Semitism']",6,992,Sports
‘Elites Are Making Choices That Are Not Good News’,2022-11-02,nyt://article/f4ab2811-f65f-552f-b0e8-decad31978b4,article,Op-Ed,Opinion,"['Midterm Elections (2022)', 'Artificial Intelligence', 'Factories and Manufacturing', 'Labor and Jobs', 'United States Economy', 'International Trade and World Market', 'Presidential Election of 2020', 'Presidential Election of 2016', 'Income Inequality']",,2683,OpEd
Bill Outlawing Online Suicide Assistance Would Open Sites to Liability,2022-11-02,nyt://article/8f1a70d3-9dcd-5546-9cf1-6ca8c3d6b2ed,article,News,Technology,"['Law and Legislation', 'Suicides and Suicide Attempts', 'Computers and the Internet', 'Fines (Penalties)']",,709,Investigative
It’s Time to Bring Russia and Ukraine to the Negotiating Table,2022-11-02,nyt://article/d6fe1ac6-2f77-5193-8fcf-da6258e0080e,article,Op-Ed,Opinion,"['Russian Invasion of Ukraine (2022)', 'Defense and Military Forces', 'Nuclear Weapons']",,1999,OpEd
"Russian Military Leaders Discussed Use of Nuclear Weapons, U.S. Officials Say",2022-11-02,nyt://article/1fbff207-ff9e-5147-b040-350cb5995430,article,News,U.S.,"['Russian Invasion of Ukraine (2022)', 'Defense and Military Forces', 'Nuclear Weapons', 'Dirty Bombs and Radiological Weapons', 'International Relations', 'United States International Relations']",1,1243,Washington
"At HBO, an Early Mandate to Air ‘Things for Men’",2022-11-02,nyt://article/8b505da2-235a-5686-af74-888f763d8508,article,Review,Books,"['Television', 'Books and Literature', 'Men and Boys', 'Violence (Media and Entertainment)', 'Workplace Hazards and Violations']",,1122,BookReview
"Republicans, Eyeing Majority, Float Changes to Social Security and Medicare",2022-11-02,nyt://article/5323f4a2-f37b-5f00-905e-dc30cc798d02,article,News,U.S.,"['Social Security (US)', 'Medicare', 'Retirement', 'Midterm Elections (2022)', 'United States Politics and Government']",1,1531,Washington
"As Stakes Rise, State Supreme Courts Become Crucial Election Battlegrounds",2022-11-02,nyt://article/d81a2159-e9ba-5c3d-a5aa-60e561e9a66a,article,News,U.S.,"['Midterm Elections (2022)', 'States (US)', 'Elections, Courts and the Judiciary', 'Supreme Courts (State)', 'Campaign Finance', 'Political Advertising', 'Political Action Committees', 'State Legislatures', 'Redistricting and Reapportionment', 'Abortion', 'Politics and Government']",1,1654,National
Here’s Where the U.S. Is Testing a New Response to Rising Seas,2022-11-02,nyt://article/7bf88160-5c77-55f2-b428-c1af4a1c331c,article,News,Climate,"['Global Warming', 'Native Americans', 'Coastal Areas', 'Coast Erosion', 'Federal Aid (US)', 'United States Politics and Government']",12,1764,Climate
How the Right Became the Left and the Left Became the Right,2022-11-02,nyt://article/f15c38ae-025a-517c-a8a9-edc06990bec1,article,Op-Ed,Opinion,"['United States Politics and Government', 'Coronavirus (2019-nCoV)', 'Conservatism (US Politics)', 'Midterm Elections (2022)', 'Right-Wing Extremism and Alt-Right', 'Conspiracy Theories', 'Rumors and Misinformation', 'Computers and the Internet', 'QAnon', 'First Amendment (US Constitution)']",,1458,OpEd
It Can Happen Here: 8 Great Books to Read About the Decline of Democracy,2022-11-02,nyt://article/f23a1f44-c5bd-5e07-8f46-b71e965c2f15,article,News,Books,"['Democracy (Theory and Philosophy)', 'Books and Literature']",,1829,BookReview
5 Minutes That Will Make You Love Ornette Coleman,2022-11-02,nyt://article/f92c1d64-07d2-5319-9be8-6d3e7098ccfe,article,News,Arts,['Jazz'],,2365,Culture
These Cakes Have Thorns,2022-11-02,nyt://article/a30fbf3a-6f39-504d-b1e9-14483bc096e7,article,News,T Magazine,"['Bakeries and Baked Products', 'Cooking and Cookbooks', 'Cakes', 'Fruit']",96,843,TStyle
Patty Murray Faces Stiff Challenge in Senate Re-election Race,2022-11-02,nyt://article/3227a78d-af45-5d41-82f1-06270f13beb0,article,News,U.S.,"['Midterm Elections (2022)', 'United States Politics and Government', 'Elections, Senate']",16,1542,Washington
Who Wears Crop Tops to the Office?,2022-11-02,nyt://article/c1f99a78-dba7-5ade-bb2f-5da85b750789,article,News,Style,"['Social Media', 'Fashion and Apparel', 'Dress Codes', 'Workplace Environment', 'Shopping and Retail', 'Sexual Harassment', 'Generation Z']",,1366,Styles
"Detroit Reclaims Halloween, a Holiday Once Marred by Fire",2022-11-02,nyt://article/4b456fdc-b514-5618-8bca-23c91e6cafe9,article,News,U.S.,"['Fires and Firefighters', 'Arson', 'Children and Childhood', 'Halloween', 'Abandonment (Property)']",,1272,National
Can Lee Zeldin Reinvent His Way to the N.Y. Governor’s Mansion?,2022-11-02,nyt://article/74a0c172-1c26-5b33-a3ba-650957dc7f6d,article,News,New York,"['Elections, Governors', 'Content Type: Personal Profile', 'Politics and Government', 'Midterm Elections (2022)', 'Conservatism (US Politics)', 'United States Politics and Government']",1,2527,Metro
What You Get for $3 Million,2022-11-02,nyt://slideshow/43852090-1006-507f-b731-d327b99dd1e3,multimedia,Slideshow,Real Estate,['Real Estate and Housing (Residential)'],,0,Real Estate
"$3 Million Homes in Texas, South Carolina and Washington",2022-11-02,nyt://article/6a22de82-617a-5e8f-947f-15bb9ee3a8c5,article,News,Real Estate,['Real Estate and Housing (Residential)'],,1170,RealEstate
Rikers: A Bright Green Future for a Dark Place?,2022-11-02,nyt://article/8d22731c-3a8c-5e3c-9cc4-39426c6f3421,article,briefing,New York,"['internal-storyline-no', 'Alternative and Renewable Energy']",,1543,Metro
"From Sebring to Bohm, a History of 1,000 World Series Homers",2022-11-02,nyt://article/8117d992-5ed6-5ae5-8f40-78214f428501,article,News,Sports,"['Baseball', 'World Series']",7,1678,Sports
Hurricane or Typhoon? How Tropical Cyclones Get Their Names.,2022-11-02,nyt://article/83b5c738-dc81-5c8d-9bf8-8b3a8b019e55,article,News,World,"['Typhoons', 'Hurricanes and Tropical Storms', 'Cyclones']",,1032,Express
The Man Who Tried to Kidnap Nancy Pelosi,2022-11-02,nyt://article/da445b42-f756-50be-bee0-91038b4cca63,article,News,Podcasts,"['United States Politics and Government', 'Assaults', 'audio-neutral-informative']",,312,Podcasts
Denmark’s Center-Left Coalition Wins Election Majority,2022-11-02,nyt://article/e8dd8201-872b-540d-b227-8963eba582d6,article,News,World,"['Elections', 'Politics and Government']",9,875,Foreign
The New Abortion Landscape,2022-11-02,nyt://article/5ec20cd6-6400-5db6-a46f-e57afed7f54b,article,briefing,Briefing,"['internal-storyline-no', 'Abortion', 'Women and Girls', ""Women's Rights""]",,1745,NYTNow
Your Guide to the 2022 New York City Marathon,2022-11-02,nyt://article/fab07345-3741-5125-8e72-5733ff42d24a,article,News,Sports,['New York City Marathon'],,929,Metro
"The New York Times Company Adds 180,000 Digital Subscribers",2022-11-02,nyt://article/03bcebc9-0a5b-5c11-9513-45d800237c97,article,News,Business Day,"['Company Reports', 'News and News Media', 'Advertising and Marketing']",5,458,Business
Overtime Elite Gets Media Deal With Amazon Prime Video,2022-11-02,nyt://article/ce5b0210-b427-5f8e-9f6b-c8f7e5c7517d,article,News,Sports,"['Television', 'Interscholastic Athletics', 'Draft and Recruitment (Sports)', 'Video Recordings, Downloads and Streaming', 'Basketball (College)']",9,1182,Sports
The Nets’ Problems Are Bigger Than Steve Nash,2022-11-02,nyt://article/a70c5e9b-9011-5157-91e1-b039bfdb3829,article,News,Sports,['Basketball'],6,1027,Sports
Between the Mountains and the Sea in Eastern Spain,2022-11-02,nyt://slideshow/c3940318-c826-5bff-b20d-492e0e35c873,multimedia,Slideshow,Real Estate,[],,0,Real Estate
An ‘Oasis of Calm’ in Costa Blanca for $2 Million: House Hunting in Spain,2022-11-02,nyt://article/964064ec-6bda-5b8b-8799-1b780aa813d6,article,News,Real Estate,['Real Estate and Housing (Residential)'],,1430,RealEstate
Kyiv says it is preparing 425 shelters in case of a Russian nuclear attack.,2022-11-02,nyt://article/d13abb86-0461-57aa-b65e-699fd0a35976,article,News,World,"['Russian Invasion of Ukraine (2022)', 'Nuclear Weapons']",,580,Foreign
Investors Await the Fed’s Next Move,2022-11-02,nyt://article/e849940b-26de-5f6f-804c-bdd92bed93bf,article,News,Business Day,"['Venture Capital', 'Stocks and Bonds']",,1807,Business
How Hollywood Got Behind California’s Prop. 28,2022-11-02,nyt://article/7c0094b9-9f62-5564-ba4c-ca7b1f706c06,article,briefing,U.S.,[],,1449,National
Our Son Committed Us to Wedding Costs We Can’t Afford. Help!,2022-11-02,nyt://article/d872f032-07fe-5295-8e47-58912f48ab58,article,News,Style,"['Customs, Etiquette and Manners', 'internal-sub-only', 'Weddings and Engagements']",,890,Styles
How ‘Babylon’ Roars Through the 1920s,2022-11-02,nyt://article/75966b20-b720-50cb-a150-071974b17725,article,News,Movies,"['Movies', 'Costumes']",14,919,Arts&Leisure
5 Unfounded Claims About Voting in the Midterm Elections,2022-11-02,nyt://article/cac700e5-a430-5aa7-83f3-8d89696028d7,article,News,Technology,"['Midterm Elections (2022)', 'Social Media', 'Right-Wing Extremism and Alt-Right', 'Conspiracy Theories', 'Rumors and Misinformation', 'Computers and the Internet', 'Corporate Social Responsibility', 'Voter Fraud (Election Fraud)', 'Voting Machines', 'Absentee Voting', 'Pens and Pencils', 'Voting Rights, Registration and Requirements', 'Project Democracy']",1,1309,Business
Who Is Jennifer Lawrence Now?,2022-11-02,nyt://article/15631eaa-103c-5d3a-b1c8-cffdd6b6eee8,article,News,Movies,"['Actors and Actresses', 'Content Type: Personal Profile', 'Movies', 'Celebrities', 'internal-sub-only']",11,2853,Arts&Leisure
The Sandwich Generation Is Getting Squished,2022-11-02,nyt://article/dd8a4dc6-c863-55ca-a2c2-ed77dcd71f2c,article,Op-Ed,Opinion,"['Families and Family Life', 'Elder Care', 'Child Care', 'Nursing Homes', 'Day Care Centers', 'Home Health Care', 'Retirement Communities and Assisted Living', 'internal-sub-only-nl']",,1870,OpEd
Personal Tech Has Changed. So Must Our Coverage of It.,2022-11-02,nyt://article/213ddb15-fc4a-5a65-af6f-19dcbbe5e340,article,News,Times Insider,"['Computers and the Internet', 'Cloud Computing', 'Privacy', 'Smartphones', 'Data Storage']",2,616,Business
CVS and Walgreens Near $10 Billion Deal to Settle Opioid Cases,2022-11-02,nyt://article/6643b4ce-3a02-5a01-a5bf-8e67335b8d28,article,News,Health,"['Drugstores', 'Suits and Litigation (Civil)', 'Compensation for Damages (Law)', 'Opioids and Opiates', 'Pain-Relieving Drugs', 'Drugs (Pharmaceuticals)', 'States (US)', 'Native Americans', 'your-feed-healthcare', 'your-feed-science']",1,920,Science
"Living In ... Accord, N.Y.",2022-11-02,nyt://slideshow/8b16dcd0-67aa-531a-a0c5-b97ca04cc69d,multimedia,Slideshow,Real Estate,['Real Estate and Housing (Residential)'],,0,Real Estate
"Accord, N.Y.: A ‘Laid-Back Agricultural Hub’ With a ‘Chill Vibe’",2022-11-02,nyt://article/8e1c13db-c3ff-5cc3-b685-374cb6ea1824,article,News,Real Estate,['Real Estate and Housing (Residential)'],,1738,RealEstate
A Beginner’s Guide to the Rowing Machine,2022-11-02,nyt://article/fb2f4754-03c6-526d-8193-90ac49803052,article,News,Well,"['Exercise', 'Rowing', 'Content Type: Service', 'Health Clubs', 'Boats and Boating', 'Weight Lifting']",,1373,Well
It’s Time to Order the Turkey,2022-11-02,nyt://article/d7b49bdd-236b-5d52-b573-639213146c72,article,Letter,Food,"['Thanksgiving Day', 'Cooking and Cookbooks', 'Turkeys']",,745,Dining
Fed Makes Fourth Jumbo Rate Increase and Signals More to Come,2022-11-02,nyt://article/9d85e831-15a6-5b2b-b866-efd5b0b5f143,article,News,Business Day,"['Interest Rates', 'Inflation (Economics)', 'Prices (Fares, Fees and Rates)', 'Banking and Financial Institutions', 'Stocks and Bonds', 'United States Economy']",1,1300,Business
"What Fed Rate Increases Mean for Mortgages, Credit Cards and More",2022-11-02,nyt://article/ad408e86-1329-50fd-b7d5-15f7c53b128c,article,News,Business Day,"['Interest Rates', 'Personal Finances', 'Mortgages', 'Credit Cards', 'Automobile Financing', 'Student Loans']",,641,Business
3 Lively Vegetarian Sides That Add Color to the Thanksgiving Table,2022-11-02,nyt://article/5e0c3fc6-4ea7-5709-97f8-7df2fdea6fef,article,News,Food,"['Cooking and Cookbooks', 'Thanksgiving Day', 'Vegetarianism', 'Vegetables', 'Content Type: Service']",,602,Dining
"Harry Bates, Modernist Architect of Long Island Homes, Dies at 95",2022-11-02,nyt://article/e1d55815-a90e-52e5-81df-1daddc82a82a,article,Obituary (Obit),Arts,"['Deaths (Obituaries)', 'ARCHITECTURE', 'Real Estate and Housing (Residential)']",,1228,Obits
These 6 Thanksgiving Dishes Are Best When They’re Made Ahead,2022-11-02,nyt://article/9aa61ca5-0847-5604-93cc-9a701d36210f,article,News,Food,"['Thanksgiving Day', 'Recipes', 'Cooking and Cookbooks', 'Content Type: Service']",,680,Dining
Washington Commanders’ Owners Hire Bank to Explore Sale of Team,2022-11-02,nyt://article/4cf1eb5f-6f48-5ccc-9529-55d4cdad1b85,article,News,Sports,"['Banking and Financial Institutions', 'Football']",8,573,Sports
Biden to Give Speech Wednesday Night About Threats to Democracy,2022-11-02,nyt://article/b5d029aa-ce2b-5a89-942d-cd4712a54ee4,article,News,U.S.,"['Midterm Elections (2022)', 'Democracy (Theory and Philosophy)', 'United States Politics and Government']",,312,Washington
How Do You Tell the Story of Roe v. Wade?,2022-11-02,nyt://article/f5c655fb-9ea6-508b-942b-2eddebf484c2,article,News,Arts,"['Abortion', 'Roe v Wade (Supreme Court Decision)', 'Archives and Records', 'Libraries and Librarians', 'Women and Girls']",1,1403,Culture
‘Enola Holmes 2’ Review: A Clever Force of Nature,2022-11-02,nyt://article/496cebd5-de1f-59e9-8adf-a843922a0ce6,article,Review,Movies,['Movies'],,312,Weekend
How Her Ancestors Reignited Her Return to Theater,2022-11-02,nyt://article/f91b1b83-cf3f-5990-9adf-9b14055d341b,article,News,Theater,"['Theater', 'Books and Literature', 'Theater (Off Broadway)', 'Content Type: Personal Profile', 'Hispanic-Americans', 'Women and Girls']",8,995,Culture
"North Korea secretly shipped munitions to Russia through the Middle East and North Africa, the U.S. says.",2022-11-02,nyt://article/5e635d3f-0bec-5524-a228-3c953e473dd6,article,News,World,['Russian Invasion of Ukraine (2022)'],,345,Washington
"Thank You, Julie Powell. I Owe You.",2022-11-02,nyt://article/eb08e173-1d80-50e1-b89c-6e7e8223a641,article,Op-Ed,Opinion,"['Books and Literature', 'Movies', 'internal-sub-only-nl']",,1901,OpEd
Ethiopia and Tigray Forces Agree to Truce in Calamitous Civil War,2022-11-02,nyt://article/d6d7cf34-76e5-5ba4-9b71-e114b795cb56,article,News,World,"['Tigrayans (Ethnic Group)', 'Defense and Military Forces', 'Peace Process', 'War and Armed Conflicts', 'War Crimes, Genocide and Crimes Against Humanity']",1,1382,Foreign
Doctors Warn F.D.A. of Health Risks Posed by Flawed Oxygen Devices,2022-11-02,nyt://article/4d442f98-2c34-5fd1-b936-1a823d05a2e9,article,News,Health,"['Coronavirus (2019-nCoV)', 'Deaths (Fatalities)', 'Black People', 'Blacks', 'Doctors', 'Research', 'Oxygen', 'Pulse Oximetry', 'Skin', 'Medical Devices', 'Regulation and Deregulation of Industry']",,1064,Science
A Chilling Crackdown at a Tehran Apartment Complex,2022-11-02,nyt://article/de410b1a-94c3-5506-9968-36bd6a3992fa,article,News,World,"['Demonstrations, Protests and Riots', 'Police Brutality, Misconduct and Shootings', 'Youth']",10,1057,Foreign
Israel’s Election: 5 Takeaways,2022-11-02,nyt://article/9b3f6b85-7f3a-5c20-a825-7fa457123742,article,News,World,"['Elections', 'Legislatures and Parliaments', 'Politics and Government', 'Palestinians']",9,829,Foreign
"Phillies Fans Are Raucous, but They Didn’t Move a Seismograph",2022-11-02,nyt://article/30b8ea66-e4f6-56aa-bd2f-2d24ac2e5ebc,article,News,Sports,"['Baseball', 'World Series']",,547,Sports
"George Booth, New Yorker Cartoonist of Sublime Zaniness, Dies at 96",2022-11-02,nyt://article/868a78b7-2fa0-5424-93a1-4826b4c1d748,article,Obituary (Obit),Arts,"['Deaths (Obituaries)', 'Cartoons and Cartoonists', 'Dogs', 'Cats']",24,1402,Obits
"Dobby’s Grave Can Stay on a Beach in Wales, but Please Stop Giving Him Socks",2022-11-02,nyt://article/b53d1ade-4ea0-5a26-bb0a-b91e24b75f6e,article,News,World,"['Monuments and Memorials (Structures)', 'Harry Potter (Fictional Character)', 'Environment', 'Pollution']",,454,Express
Police Capture Suspect in Shooting of Two Rookie Officers,2022-11-02,nyt://article/7b86a72e-8688-56d0-ba54-cd11cd72a956,article,News,New York,"['Attacks on Police', 'Murders, Attempted Murders and Homicides']",,787,Metro
Ways to Reverse the Decline in Math Skills,2022-11-02,nyt://article/6a79ae3b-d46c-5d9c-a524-4d02745d9152,article,Letter,Opinion,"['Mathematics', 'Education (K-12)', 'Crime and Criminals', 'Elections', 'Polls and Public Opinion']",23,1149,Letters
"Steve Reich, Busy as Ever, Enters His Late Period",2022-11-02,nyt://article/8d44e8fe-e4d3-5d0b-b9e8-c74f6ec57637,article,News,Arts,"['Classical Music', 'Books and Literature', 'Content Type: Personal Profile']",1,1494,Culture
Trump Lawyer Expressed Worry Over False Claims of Election Fraud,2022-11-02,nyt://article/356a7f9b-dd0a-5849-b582-8e5df8bacf22,article,News,U.S.,"['United States Politics and Government', 'Presidential Election of 2020', 'Storming of the US Capitol (Jan, 2021)', 'Suits and Litigation (Civil)']",20,1125,Washington
Former Heavyweight Boxer Charged With Trafficking $1 Billion of Cocaine,2022-11-02,nyt://article/3933aee2-f75b-53a1-bdd1-21b3f63a1984,article,News,U.S.,"['Boxing', 'Drug Abuse and Traffic', 'Cocaine and Crack Cocaine', 'Smuggling', 'Maritime Crime', 'Ships and Shipping', 'Ports']",,707,Express
"In Texas, a Battle for Hispanic Voters Moves to the Cities",2022-11-02,nyt://article/5f81e802-02ee-5379-a38a-ba319dda4756,article,News,U.S.,"['Midterm Elections (2022)', 'Elections', 'Hispanic-Americans', 'Urban Areas', 'Minorities', 'Elections, Governors']",14,1616,National
Mike Birbiglia Can’t Get ‘Hadestown’ Out of His Head,2022-11-02,nyt://article/d7890e40-9fbc-5b78-bfc4-c5ff490c41b2,article,News,Theater,"['Theater', 'Comedy and Humor', 'Content Type: Personal Profile']",4,1155,Arts&Leisure
"For Elon Musk, Lessons From Friendster",2022-11-02,nyt://article/e1372169-2e47-5b9d-a5f1-d6bf51fae8f8,article,Op-Ed,Opinion,"['internal-sub-only-nl', 'Social Media', 'Computers and the Internet']",,1093,OpEd
The New Covid Subvariants Don’t Really Change Anything,2022-11-02,nyt://article/d77dccfc-14f1-5dd6-bbd9-7c78adc46c1b,article,Op-Ed,Opinion,"['internal-sub-only-nl', 'Coronavirus (2019-nCoV)', 'Coronavirus Omicron Variant', 'Vaccination and Immunization', 'Epidemics', 'Disease Rates']",,1422,OpEd
‘Parade’ Review: The Trial and Tragedy of Leo Frank,2022-11-02,nyt://article/c136b996-12c4-53ab-8a21-b76bb4e32c4d,article,Review,Theater,"['Theater', 'Theater (Off Broadway)']",1,827,Culture
Top Democrat Grills Capitol Police About Lawmaker Protection After Pelosi Attack,2022-11-02,nyt://article/01dcb548-605b-5d6f-8bc6-aa2fbea890e7,article,News,U.S.,"['United States Politics and Government', 'Police']",20,667,Washington
Why Does Twitter Verify Some Accounts?,2022-11-02,nyt://article/82ad0ff4-e6f3-55d4-b7e2-eeb695dcee4e,article,News,U.S.,"['Rumors and Misinformation', 'Social Media', 'Suits and Litigation (Civil)']",4,710,Express
It Was ‘Win Now’ vs. ‘Win Later’ at the N.F.L.’s Trade Deadline,2022-11-02,nyt://article/7f49cab6-659e-5b26-b8cb-df5a1349a3dc,article,News,Sports,"['Football', 'Trades (Sports)']",,1067,Sports
The Internet Still Thinks I’m Pregnant,2022-11-02,nyt://article/fb7068ac-9b44-5926-97a6-9371837bf6a9,article,News,Podcasts,"['Love (Emotion)', 'Dating and Relationships', 'Miscarriages', 'Computers and the Internet', 'Pregnancy and Childbirth']",,290,Podcasts
Trump Settles With Protesters Who Said His Bodyguards Attacked Them,2022-11-02,nyt://article/d2153ce2-4408-5c09-b802-14572f4baeab,article,News,New York,"['Assaults', 'Suits and Litigation (Civil)', 'Compensation for Damages (Law)', 'Demonstrations, Protests and Riots']",18,570,Metro
"Campaigns Pay Influencers to Carry Their Messages, Skirting Political Ad Rules",2022-11-02,nyt://article/b3e77d9c-7b0b-56af-8008-3b5af0ad364e,article,News,U.S.,"['Midterm Elections (2022)', 'Social Media', 'Political Advertising', 'United States Politics and Government', 'Generation Z', 'Online Advertising', 'Voting and Voters']",15,1251,Washington
Stocks Slide as Fed Leaves Investors Unsure About Path Ahead,2022-11-02,nyt://article/1798013a-c49c-5411-b563-76a653c1d6d3,article,News,Business Day,"['Stocks and Bonds', 'Interest Rates', 'Inflation (Economics)', 'Banking and Financial Institutions', 'Government Bonds', ""Standard & Poor's 500-Stock Index"", 'United States Economy']",2,641,Business
Taylor Swift’s ‘Midnights’: Listener Mailbag,2022-11-02,nyt://article/c58bcf47-3fac-58cf-b688-2e78fd0955f7,article,News,Arts,"['audio-neutral-informative', 'Pop and Rock Music']",,216,Culture
What’s in Our Queue? ‘Abbott Elementary’ and More,2022-11-02,nyt://interactive/acdcaf1b-f99b-5c60-a119-cc6b6fda78d9,multimedia,Interactive Feature,Arts,[],,0,Arts
The R.S.V. Surge,2022-11-02,nyt://article/3e2013a3-454d-5b9e-af14-8f005d12bc32,article,News,Briefing,"['Respiratory Syncytial Virus (RSV)', 'Disease Rates', 'Content Type: Service']",,1491,NYTNow
Black Faith Leaders in Georgia Speak Out Against Herschel Walker,2022-11-02,nyt://article/d523070a-29fc-519d-95ad-8690978e4511,article,News,U.S.,"['Midterm Elections (2022)', 'United States Politics and Government', 'Elections, Senate', 'Religion-State Relations', 'Race and Ethnicity']",,1021,Politics
U.S. Says Russians Discussed Tactical Nukes,2022-11-02,nyt://article/07c7db7d-54d0-5d83-bcd9-8ca013096659,article,News,Briefing,"['Russian Invasion of Ukraine (2022)', 'Defense and Military Forces', 'Nuclear Weapons', 'Dirty Bombs and Radiological Weapons', 'United States International Relations']",,922,NYTNow
A Group Raised Money to Push Adams’s Agenda. Much of It Went to One Man.,2022-11-02,nyt://article/ecc2c4cb-1aef-5f7d-891c-01a593a6b776,article,News,New York,"['Political Action Committees', 'Campaign Finance', 'Embezzlement', 'Elections, Mayors', 'Charter Schools', 'Politics and Government']",13,1751,Metro
Your Thursday Briefing: A Truce in Tigray,2022-11-02,nyt://article/c4a898f5-ba77-5f5f-acbb-5588577dcc7a,article,briefing,Briefing,"['Elections', 'International Relations', 'Defense and Military Forces', 'Politics and Government', 'Russian Invasion of Ukraine (2022)', 'United States International Relations', 'Athletics and Sports', 'Cricket (Game)']",,1192,NYTNow
"28 Cheap Thanksgiving Recipes for an Easy, Impressive Feast",2022-11-02,nyt://article/3912e913-0729-5260-8cd6-e19b0b259458,article,News,Food,"['Recipes', 'Cooking and Cookbooks', 'Thanksgiving Day']",,1464,Dining
Tumblr Says Clothing Is Optional Again,2022-11-02,nyt://article/a50a3f61-9bee-5981-9b47-46335f087c04,article,News,Technology,"['Nudism and Nudity', 'Pornography', 'Indecency, Obscenity and Profanity', 'Social Media', 'Computers and the Internet']",5,627,Express
"The Pieces Around Them Change, but Houston’s Core Sets the Tone",2022-11-02,nyt://article/94eac706-6765-5227-8c96-906f67564c05,article,News,Sports,"['Baseball', 'World Series', 'Playoff Games']",,1615,Sports
"Kansas, Looking to Fend Off N.C.A.A., Suspends Bill Self",2022-11-02,nyt://article/56ab2786-c3fb-57e5-bdb9-0cb0efd2b5a1,article,News,Sports,['Basketball (College)'],10,712,Sports
Your Wednesday Evening Briefing,2022-11-02,nyt://article/0ad15cd0-d005-5827-8a13-e2aa0d473b34,article,briefing,Briefing,[],,1406,NYTNow
Has America Outgrown Affirmative Action?,2022-11-02,nyt://article/adbeda08-ec0e-559b-881d-cd52569cbcfd,article,Op-Ed,Opinion,"['Affirmative Action', 'Slavery (Historical)']",,1674,OpEd
"Russia Rejoins Grain Deal, but Warns It Could Pull Out Again",2022-11-02,nyt://article/2e658bf3-4633-59c4-a0f6-61f7aceaa810,article,News,World,"['Russian Invasion of Ukraine (2022)', 'Grain', 'Dirty Bombs and Radiological Weapons', 'Nuclear Weapons', 'Embargoes and Sanctions']",6,1088,Foreign
Lawyers Who Advanced Trump’s Election Challenges Return for Midterms,2022-11-02,nyt://article/dca30503-839e-5468-af33-59d14721679e,article,News,U.S.,"['Midterm Elections (2022)', 'Elections', 'Suits and Litigation (Civil)', 'United States Politics and Government', 'Project Democracy']",13,1647,Politics
Biden Warns That ‘Big Lie’ Republicans Imperil American Democracy,2022-11-02,nyt://article/1b8f6edb-afba-5c17-9b63-45ee041348da,article,News,U.S.,"['Midterm Elections (2022)', 'United States Politics and Government', 'Democracy (Theory and Philosophy)', 'Presidential Election of 2020', 'Storming of the US Capitol (Jan, 2021)', 'Speeches and Statements']",18,1460,Washington
Attorneys General Sue to Stop Dividend Tied to Kroger-Albertsons Deal,2022-11-02,nyt://article/c4752017-c0e6-533c-aaff-e9ee0f3d3a18,article,News,Business Day,"['Supermarkets and Grocery Stores', 'Mergers, Acquisitions and Divestitures', 'Suits and Litigation (Civil)', 'Antitrust Laws and Competition Issues', 'Attorneys General']",5,573,Business
Rijksmuseum’s Vermeer Show to Include Recently Disputed Work,2022-11-02,nyt://article/b9566618-db71-555d-8fd9-6dec719e3047,article,News,Arts,"['Museums', 'Art']",11,739,Culture
Oath Keepers Leader Sought to Get Message to Trump After Jan. 6,2022-11-02,nyt://article/d68cd29d-0692-596a-9a38-8bba5d5b7016,article,News,U.S.,"['Right-Wing Extremism and Alt-Right', 'Storming of the US Capitol (Jan, 2021)', 'Presidential Election of 2020']",20,1332,Washington
Scenes from the final campaign sprint.,2022-11-02,nyt://article/8f0db245-53a4-5790-aa7b-556323781e0d,article,News,U.S.,[],,0,Politics
Judge Rules Against Harvard in Case on Fumbled Insurance Filing,2022-11-02,nyt://article/a90b789f-50e9-5588-8366-a5c1375371a7,article,News,U.S.,"['Colleges and Universities', 'Affirmative Action', 'Admissions Standards', 'Race and Ethnicity', 'Discrimination', 'Suits and Litigation (Civil)', 'Insurance', 'Decisions and Verdicts']",18,390,Washington
Elon Musk Takes a Page Out of Mark Zuckerberg’s Social Media Playbook,2022-11-02,nyt://article/213cb29f-b053-5372-bea7-85ab67644cd4,article,News,Technology,"['Social Media', 'Hate Speech', 'Corporate Social Responsibility', 'Computers and the Internet', 'Midterm Elections (2022)', 'Mergers, Acquisitions and Divestitures', 'Civil Rights and Liberties', 'Online Advertising', 'Freedom of Speech and Expression']",1,1129,Business
"Refusing to Accept Defeat, Bolsonaro Backers Call on Military to Intervene",2022-11-02,nyt://article/1444ac4e-fef0-549d-bf61-f90e46c99e8b,article,News,World,"['Elections', 'Defense and Military Forces', 'Voting Machines']",4,1414,Foreign
How Republicans Watered Down Their Abortion Message,2022-11-02,nyt://article/a890ee9b-887d-5499-b836-40c32876d915,article,News,U.S.,"['United States Politics and Government', 'internal-sub-only-nl', 'Midterm Elections (2022)', 'Abortion', 'Roe v Wade (Supreme Court Decision)']",,1554,Politics
Review: ‘The Year of Magical Thinking’ Gets Joan Didion’s Intention Just Right,2022-11-02,nyt://article/dd2240c2-f6b8-53ed-80dd-bdb2299ab42b,article,Review,Theater,"['Theater', 'Writing and Writers', 'Content Type: Personal Profile']",,756,Culture
Les Moonves and Paramount to Pay $9.75 Million in State Case Tied to Sexual Misconduct,2022-11-02,nyt://article/695b5cf8-dc1b-540a-8873-edebb7e5e347,article,News,Business Day,"['Sexual Harassment', 'Sex Crimes', '#MeToo Movement', 'Workplace Hazards and Violations', 'Compensation for Damages (Law)', 'Suits and Litigation (Civil)', 'Attorneys General', 'Insider Trading']",4,607,Business
Trump’s Guys Have Their Work Cut Out for Them,2022-11-02,nyt://article/88960b69-7c2b-57e1-941f-02628c47ae78,article,Op-Ed,Opinion,"['Endorsements', 'Midterm Elections (2022)', 'United States Politics and Government', 'Polls and Public Opinion', 'Elections, Governors', 'Elections, Senate']",23,915,OpEd
U.S. Seeks Removal of Iran From U.N. Women’s Rights Agency,2022-11-02,nyt://article/f9d56032-1b43-54f7-939a-8203ab4c701c,article,News,World,"['International Relations', 'Demonstrations, Protests and Riots', 'Human Rights and Human Rights Violations', ""Women's Rights"", 'Muslim Veiling', 'United States International Relations', 'Deaths (Fatalities)']",10,717,Foreign
The Reality Behind Russia’s Talk About Nuclear Weapons,2022-11-02,nyt://article/d898ea1a-a260-5984-824f-e05475b7ffcc,article,News,U.S.,"['Nuclear Weapons', 'Defense and Military Forces', 'Russian Invasion of Ukraine (2022)', 'Dirty Bombs and Radiological Weapons', 'Draft and Recruitment (Military)']",7,907,Washington
On the Scene: Comic Con Africa,2022-11-02,nyt://interactive/be55ffa0-b702-5c5f-a960-182e526c4908,multimedia,Interactive Feature,World,"['Comic Books and Strips', 'Cartoons and Cartoonists', 'Discrimination']",,0,World
Justice Dept. Offers Immunity to Trump Aide for Testimony in Documents Case,2022-11-02,nyt://article/e2b45edb-8d78-5b81-b9f5-b8ee4667afab,article,News,U.S.,"['United States Politics and Government', 'Presidential Election of 2020']",20,721,Washington
